{"cameraMode":{"drawMode":0,"name":"Shaded","section":"Shading Mode"},"sceneLighting":false,"audioPlay":false,"sceneViewState":{"m_AlwaysRefresh":true,"showFog":true,"showSkybox":false,"showFlares":true,"showImageEffects":true,"showParticleSystems":true,"showVisualEffectGraphs":true,"m_FxEnabled":true},"in2DMode":false,"pivot":{"x":331.5509033203125,"y":-2.5495262145996095,"z":249.77261352539063},"rotation":{"x":0.13074719905853272,"y":0.8442491292953491,"z":-0.23980018496513368,"w":0.4613838195800781},"size":17.422290802001954,"orthographic":false}