{"cameraMode":{"drawMode":0,"name":"Shaded","section":"Shading Mode"},"sceneLighting":false,"audioPlay":false,"sceneViewState":{"m_AlwaysRefresh":true,"showFog":true,"showSkybox":false,"showFlares":true,"showImageEffects":true,"showParticleSystems":true,"showVisualEffectGraphs":true,"m_FxEnabled":true},"in2DMode":false,"pivot":{"x":75.23241424560547,"y":19.728431701660158,"z":51.667728424072269},"rotation":{"x":0.09271037578582764,"y":0.6897071599960327,"z":-0.08111056685447693,"w":0.7144150733947754},"size":1.2247449159622193,"orthographic":false}