{"cameraMode":{"drawMode":0,"name":"Shaded","section":"Shading Mode"},"sceneLighting":false,"audioPlay":false,"sceneViewState":{"m_AlwaysRefresh":true,"showFog":true,"showSkybox":false,"showFlares":true,"showImageEffects":true,"showParticleSystems":true,"showVisualEffectGraphs":true,"m_FxEnabled":true},"in2DMode":false,"pivot":{"x":-0.2548264265060425,"y":1.0459169149398804,"z":0.29425543546676638},"rotation":{"x":0.17046025395393372,"y":-0.7772032618522644,"z":0.23790453374385835,"w":0.5570918321609497},"size":1.1445523500442505,"orthographic":false}