{"cameraMode":{"drawMode":0,"name":"Shaded","section":"Shading Mode"},"sceneLighting":false,"audioPlay":false,"sceneViewState":{"m_AlwaysRefresh":true,"showFog":true,"showSkybox":false,"showFlares":true,"showImageEffects":true,"showParticleSystems":true,"showVisualEffectGraphs":true,"m_FxEnabled":true},"in2DMode":false,"pivot":{"x":-0.08999991416931153,"y":5.090217590332031,"z":-3.6108322143554689},"rotation":{"x":-0.016686635091900827,"y":0.9697441458702087,"z":-0.23485691845417024,"w":-0.06935115903615952},"size":7.460879802703857,"orthographic":false}