{"cameraMode":{"drawMode":0,"name":"Shaded","section":"Shading Mode"},"sceneLighting":false,"audioPlay":false,"sceneViewState":{"m_AlwaysRefresh":true,"showFog":true,"showSkybox":true,"showFlares":true,"showImageEffects":true,"showParticleSystems":true,"showVisualEffectGraphs":true,"m_FxEnabled":true},"in2DMode":false,"pivot":{"x":5.024425506591797,"y":-3.4115943908691408,"z":6.495173454284668},"rotation":{"x":-0.33784881234169009,"y":-0.08819171786308289,"z":0.03180303797125816,"w":-0.9365459084510803},"size":10.468602180480957,"orthographic":false}