{"cameraMode":{"drawMode":0,"name":"Shaded","section":"Shading Mode"},"sceneLighting":false,"audioPlay":false,"sceneViewState":{"m_AlwaysRefresh":true,"showFog":true,"showSkybox":true,"showFlares":true,"showImageEffects":true,"showParticleSystems":true,"showVisualEffectGraphs":true,"m_FxEnabled":true},"in2DMode":false,"pivot":{"x":60.80901336669922,"y":7.347244739532471,"z":45.17266845703125},"rotation":{"x":0.0026294123381376268,"y":-0.9972262978553772,"z":0.04551465064287186,"w":0.060467857867479327},"size":2.325906991958618,"orthographic":false}