{"cameraMode":{"drawMode":0,"name":"Shaded","section":"Shading Mode"},"sceneLighting":false,"audioPlay":false,"sceneViewState":{"m_AlwaysRefresh":true,"showFog":true,"showSkybox":true,"showFlares":true,"showImageEffects":true,"showParticleSystems":true,"showVisualEffectGraphs":true,"m_FxEnabled":true},"in2DMode":false,"pivot":{"x":539.96630859375,"y":13.120222091674805,"z":253.4370880126953},"rotation":{"x":-0.0060614957474172119,"y":-0.9924335479736328,"z":0.10885003209114075,"w":-0.062003668397665027},"size":46.843902587890628,"orthographic":false}