{"cameraMode":{"drawMode":0,"name":"Shaded","section":"Shading Mode"},"sceneLighting":false,"audioPlay":false,"sceneViewState":{"m_AlwaysRefresh":false,"showFog":true,"showSkybox":true,"showFlares":true,"showImageEffects":false,"showParticleSystems":true,"showVisualEffectGraphs":true,"m_FxEnabled":true},"in2DMode":false,"pivot":{"x":-35.64763259887695,"y":10.947649002075196,"z":74.17559814453125},"rotation":{"x":0.002569502918049693,"y":0.6886500120162964,"z":0.0007819198654033244,"w":-0.725604236125946},"size":31.340604782104493,"orthographic":false}