{"cameraMode":{"drawMode":0,"name":"Shaded","section":"Shading Mode"},"sceneLighting":false,"audioPlay":false,"sceneViewState":{"m_AlwaysRefresh":true,"showFog":true,"showSkybox":false,"showFlares":true,"showImageEffects":true,"showParticleSystems":true,"showVisualEffectGraphs":true,"m_FxEnabled":true},"in2DMode":false,"pivot":{"x":314.5766906738281,"y":10.054449081420899,"z":257.9502868652344},"rotation":{"x":-0.06998532265424729,"y":0.06490443646907807,"z":0.004577555228024721,"w":0.995453417301178},"size":12.12435531616211,"orthographic":false}