{"cameraMode":{"drawMode":0,"name":"Shaded","section":"Shading Mode"},"sceneLighting":false,"audioPlay":false,"sceneViewState":{"m_AlwaysRefresh":true,"showFog":true,"showSkybox":true,"showFlares":true,"showImageEffects":true,"showParticleSystems":true,"showVisualEffectGraphs":true,"m_FxEnabled":true},"in2DMode":false,"pivot":{"x":1341.8272705078125,"y":-667.4779663085938,"z":260.25689697265627},"rotation":{"x":0.20270344614982606,"y":0.6273090839385986,"z":-0.17343184351921082,"w":0.7318502068519592},"size":810.4375610351563,"orthographic":false}