{"cameraMode":{"drawMode":0,"name":"Shaded","section":"Shading Mode"},"sceneLighting":false,"audioPlay":false,"sceneViewState":{"m_AlwaysRefresh":true,"showFog":true,"showSkybox":true,"showFlares":true,"showImageEffects":true,"showParticleSystems":true,"showVisualEffectGraphs":true,"m_FxEnabled":true},"in2DMode":false,"pivot":{"x":125.68133544921875,"y":5.579999923706055,"z":134.3160858154297},"rotation":{"x":-0.0014485748251900077,"y":-0.987808346748352,"z":0.1559780389070511,"w":-0.010392318479716778},"size":5.404163360595703,"orthographic":false}