{"cameraMode":{"drawMode":0,"name":"Shaded","section":"Shading Mode"},"sceneLighting":false,"audioPlay":false,"sceneViewState":{"m_AlwaysRefresh":true,"showFog":true,"showSkybox":true,"showFlares":true,"showImageEffects":true,"showParticleSystems":true,"showVisualEffectGraphs":true,"m_FxEnabled":true},"in2DMode":false,"pivot":{"x":216.32154846191407,"y":26.21723175048828,"z":70.2216567993164},"rotation":{"x":0.08361279964447022,"y":-0.6535114049911499,"z":0.07181498408317566,"w":0.7493646740913391},"size":0.06513623148202896,"orthographic":false}