{"cameraMode":{"drawMode":0,"name":"Shaded","section":"Shading Mode"},"sceneLighting":false,"audioPlay":false,"sceneViewState":{"m_AlwaysRefresh":true,"showFog":true,"showSkybox":true,"showFlares":true,"showImageEffects":true,"showParticleSystems":true,"showVisualEffectGraphs":true,"m_FxEnabled":true},"in2DMode":false,"pivot":{"x":-1.6902070045471192,"y":-3.168539524078369,"z":0.44359445571899416},"rotation":{"x":-0.22818608582019807,"y":0.08023091405630112,"z":-0.018873004242777826,"w":-0.9701458811759949},"size":8.011041641235352,"orthographic":false}