{"cameraMode":{"drawMode":0,"name":"Shaded","section":"Shading Mode"},"sceneLighting":false,"audioPlay":false,"sceneViewState":{"m_AlwaysRefresh":false,"showFog":true,"showSkybox":true,"showFlares":true,"showImageEffects":false,"showParticleSystems":true,"showVisualEffectGraphs":true,"m_FxEnabled":true},"in2DMode":false,"pivot":{"x":65.90565490722656,"y":14.564366340637207,"z":70.93903350830078},"rotation":{"x":-0.003788440488278866,"y":0.8615033030509949,"z":-0.008914097212255001,"w":-0.5084088444709778},"size":31.340604782104493,"orthographic":false}