{"cameraMode":{"drawMode":0,"name":"Shaded","section":"Shading Mode"},"sceneLighting":false,"audioPlay":false,"sceneViewState":{"m_AlwaysRefresh":true,"showFog":true,"showSkybox":false,"showFlares":true,"showImageEffects":true,"showParticleSystems":true,"showVisualEffectGraphs":true,"m_FxEnabled":true},"in2DMode":false,"pivot":{"x":-19.761085510253908,"y":0.45305633544921877,"z":-5.5922698974609379},"rotation":{"x":0.09271037578582764,"y":0.6897071599960327,"z":-0.08111056685447693,"w":0.7144150733947754},"size":12.12435531616211,"orthographic":false}