{"cameraMode":{"drawMode":0,"name":"Shaded","section":"Shading Mode"},"sceneLighting":false,"audioPlay":false,"sceneViewState":{"m_AlwaysRefresh":false,"showFog":true,"showSkybox":false,"showFlares":true,"showImageEffects":false,"showParticleSystems":true,"showVisualEffectGraphs":true,"m_FxEnabled":true},"in2DMode":false,"pivot":{"x":24.218294143676759,"y":5.795904636383057,"z":27.3011417388916},"rotation":{"x":0.20255710184574128,"y":-0.026396440342068673,"z":0.00711530027911067,"w":0.9793432354927063},"size":10.920249938964844,"orthographic":false}