{"cameraMode":{"drawMode":0,"name":"Shaded","section":"Shading Mode"},"sceneLighting":false,"audioPlay":false,"sceneViewState":{"m_AlwaysRefresh":false,"showFog":true,"showSkybox":false,"showFlares":true,"showImageEffects":false,"showParticleSystems":true,"showVisualEffectGraphs":true,"m_FxEnabled":true},"in2DMode":false,"pivot":{"x":20.03441047668457,"y":3.388514995574951,"z":13.084114074707032},"rotation":{"x":0.034913577139377597,"y":-0.9518701434135437,"z":0.12077946960926056,"w":0.28114646673202517},"size":10.920249938964844,"orthographic":false}