{"cameraMode":{"drawMode":0,"name":"Shaded","section":"Shading Mode"},"sceneLighting":false,"audioPlay":false,"sceneViewState":{"m_AlwaysRefresh":false,"showFog":true,"showSkybox":false,"showFlares":true,"showImageEffects":false,"showParticleSystems":true,"showVisualEffectGraphs":true,"m_FxEnabled":true},"in2DMode":false,"pivot":{"x":24.607498168945314,"y":6.874197959899902,"z":12.841410636901856},"rotation":{"x":0.11658374965190888,"y":0.35680481791496279,"z":-0.04379342868924141,"w":0.9263466596603394},"size":2.418248176574707,"orthographic":false}